{
    "id": "1.21.3",
    "type": "release",
    "inheritsFrom": "1.21.3",
    "time": "2025-02-20T00:00:00+00:00",
    "releaseTime": "2025-02-20T00:00:00+00:00",
    "mainClass": "net.minecraft.client.main.Main",
    "minimumLauncherVersion": 21,
    "assets": "1.21",
    "assetIndex": {
        "id": "1.21",
        "sha1": "0000000000000000000000000000000000000000",
        "size": 0,
        "totalSize": 0,
        "url": "https://launchermeta.mojang.com/v1/packages/00000000000000000000000000000000/1.21.json"
    },
    "libraries": [],
    "minecraftArguments": "--username ${auth_player_name} --version 1.21.3 --gameDir ${game_directory} --assetsDir ${assets_root}",
    "logging": {
        "client": {
            "argument": "--log-pattern",
            "file": {
                "id": "client.txt",
                "sha1": "0000000000000000000000000000000000000000",
                "size": 0,
                "url": "https://launchermeta.mojang.com/v1/packages/00000000000000000000000000000000/client.txt"
            },
            "type": "log4j2-xml"
        }
    }
}